Datum;Eröffnung;Hoch;Tief;Schluss;Währung;Volumen
03.12.2025;83,240;83,240;83,240;83,240;EUR;0
04.12.2025;83,290;83,290;83,290;83,290;EUR;0
05.12.2025;82,960;82,960;82,960;82,960;EUR;0
08.12.2025;81,990;81,990;81,990;81,990;EUR;0
09.12.2025;82,660;82,660;82,660;82,660;EUR;0
10.12.2025;82,640;82,640;82,640;82,640;EUR;0
11.12.2025;82,130;82,130;82,130;82,130;EUR;0
12.12.2025;81,520;81,520;81,520;81,520;EUR;0
15.12.2025;81,400;81,400;81,400;81,400;EUR;0
16.12.2025;81,680;81,680;81,680;81,680;EUR;0
17.12.2025;82,520;82,520;82,520;82,520;EUR;0
18.12.2025;82,090;82,090;82,090;82,090;EUR;0
19.12.2025;81,680;81,680;81,680;81,680;EUR;0
22.12.2025;81,450;81,450;81,450;81,450;EUR;0
23.12.2025;81,590;81,590;81,590;81,590;EUR;0
29.12.2025;81,030;81,030;81,030;81,030;EUR;0
30.12.2025;81,950;81,950;81,950;81,950;EUR;0
02.01.2026;80,840;80,840;80,840;80,840;EUR;0
05.01.2026;81,510;81,510;81,510;81,510;EUR;0
06.01.2026;81,320;81,320;81,320;81,320;EUR;0
07.01.2026;82,420;82,420;82,420;82,420;EUR;0
08.01.2026;82,260;82,260;82,260;82,260;EUR;0
09.01.2026;82,670;82,670;82,670;82,670;EUR;0
12.01.2026;81,390;81,390;81,390;81,390;EUR;0
13.01.2026;82,430;82,430;82,430;82,430;EUR;0
14.01.2026;82,430;82,430;82,430;82,430;EUR;0
15.01.2026;82,090;82,090;82,090;82,090;EUR;0
16.01.2026;82,260;82,260;82,260;82,260;EUR;0
19.01.2026;81,030;81,030;81,030;81,030;EUR;0
20.01.2026;80,170;80,170;80,170;80,170;EUR;0
21.01.2026;81,590;81,590;81,590;81,590;EUR;0
22.01.2026;81,990;81,990;81,990;81,990;EUR;0
23.01.2026;81,670;81,670;81,670;81,670;EUR;0
26.01.2026;80,020;80,020;80,020;80,020;EUR;0
27.01.2026;80,080;80,080;80,080;80,080;EUR;0
28.01.2026;79,960;79,960;79,960;79,960;EUR;0
29.01.2026;79,980;79,980;79,980;79,980;EUR;0
30.01.2026;80,040;80,040;80,040;80,040;EUR;0
02.02.2026;79,460;79,460;79,460;79,460;EUR;0
03.02.2026;80,110;80,110;80,110;80,110;EUR;0
04.02.2026;80,950;80,950;80,950;80,950;EUR;0
05.02.2026;80,950;80,950;80,950;80,950;EUR;0
06.02.2026;81,440;81,440;81,440;81,440;EUR;0
09.02.2026;80,370;80,370;80,370;80,370;EUR;0
10.02.2026;79,900;79,900;79,900;79,900;EUR;0
11.02.2026;81,130;81,130;81,130;81,130;EUR;0
12.02.2026;80,620;80,620;80,620;80,620;EUR;0
13.02.2026;81,620;81,620;81,620;81,620;EUR;0
16.02.2026;81,260;81,260;81,260;81,260;EUR;0
17.02.2026;81,880;81,880;81,880;81,880;EUR;0
18.02.2026;82,130;82,130;82,130;82,130;EUR;0
19.02.2026;82,310;82,310;82,310;82,310;EUR;0
20.02.2026;82,720;82,720;82,720;82,720;EUR;0
23.02.2026;80,930;80,930;80,930;80,930;EUR;0
24.02.2026;82,860;82,860;82,860;82,860;EUR;0
25.02.2026;82,490;82,490;82,490;82,490;EUR;0
26.02.2026;82,140;82,140;82,140;82,140;EUR;0
27.02.2026;82,240;82,240;82,240;82,240;EUR;0
02.03.2026;81,720;81,720;81,720;81,720;EUR;0
03.03.2026;81,760;81,760;81,760;81,760;EUR;0
04.03.2026;83,140;83,140;83,140;83,140;EUR;0
05.03.2026;83,090;83,090;83,090;83,090;EUR;0
06.03.2026;82,440;82,440;82,440;82,440;EUR;0
09.03.2026;81,360;81,360;81,360;81,360;EUR;0
10.03.2026;82,450;82,450;82,450;82,450;EUR;0
11.03.2026;83,030;83,030;83,030;83,030;EUR;0
12.03.2026;82,510;82,510;82,510;82,510;EUR;0
13.03.2026;83,170;83,170;83,170;83,170;EUR;0
16.03.2026;83,530;83,530;83,530;83,530;EUR;0
17.03.2026;83,280;83,280;83,280;83,280;EUR;0
18.03.2026;83,940;83,940;83,940;83,940;EUR;0
19.03.2026;83,610;83,610;83,610;83,610;EUR;0
20.03.2026;82,650;82,650;82,650;82,650;EUR;0
23.03.2026;81,030;81,030;81,030;81,030;EUR;0
24.03.2026;82,140;82,140;82,140;82,140;EUR;0
25.03.2026;82,090;82,090;82,090;82,090;EUR;0
26.03.2026;82,090;82,090;82,090;82,090;EUR;0
27.03.2026;81,450;81,450;81,450;81,450;EUR;0
30.03.2026;82,360;82,360;82,360;82,360;EUR;0
31.03.2026;83,790;83,790;83,790;83,790;EUR;0
01.04.2026;82,700;82,700;82,700;82,700;EUR;0
02.04.2026;81,460;81,460;81,460;81,460;EUR;0
07.04.2026;81,480;81,480;81,480;81,480;EUR;0
08.04.2026;82,260;82,260;82,260;82,260;EUR;0
09.04.2026;81,790;81,790;81,790;81,790;EUR;0
10.04.2026;81,640;81,640;81,640;81,640;EUR;0
13.04.2026;80,270;80,270;80,270;80,270;EUR;0
14.04.2026;81,110;81,110;81,110;81,110;EUR;0
15.04.2026;81,160;81,160;81,160;81,160;EUR;0
16.04.2026;81,120;81,120;81,120;81,120;EUR;0
17.04.2026;81,160;81,160;81,160;81,160;EUR;0
20.04.2026;80,190;80,190;80,190;80,190;EUR;0
21.04.2026;81,530;81,530;81,530;81,530;EUR;0
22.04.2026;81,710;81,710;81,710;81,710;EUR;0
23.04.2026;81,090;81,090;81,090;81,090;EUR;0
24.04.2026;80,830;80,830;80,830;80,830;EUR;0
27.04.2026;81,310;81,310;81,310;81,310;EUR;0
28.04.2026;81,460;81,460;81,460;81,460;EUR;0
29.04.2026;81,590;81,590;81,590;81,590;EUR;0
30.04.2026;80,680;80,680;80,680;80,680;EUR;0
04.05.2026;80,070;80,070;80,070;80,070;EUR;0
05.05.2026;80,910;80,910;80,910;80,910;EUR;0
06.05.2026;80,720;80,720;80,720;80,720;EUR;0
07.05.2026;80,980;80,980;80,980;80,980;EUR;0
08.05.2026;80,850;80,850;80,850;80,850;EUR;0
11.05.2026;79,850;79,850;79,850;79,850;EUR;0
12.05.2026;80,400;80,400;80,400;80,400;EUR;0
13.05.2026;80,380;80,380;80,380;80,380;EUR;0
14.05.2026;80,800;80,800;80,800;80,800;EUR;0
15.05.2026;80,760;80,760;80,760;80,760;EUR;0
18.05.2026;78,530;78,530;78,530;78,530;EUR;0
19.05.2026;80,280;80,280;80,280;80,280;EUR;0
20.05.2026;80,230;80,230;80,230;80,230;EUR;0
21.05.2026;80,510;80,510;80,510;80,510;EUR;0
22.05.2026;80,940;80,940;80,940;80,940;EUR;0
25.05.2026;80,220;80,220;80,220;80,220;EUR;0
26.05.2026;81,220;81,220;81,220;81,220;EUR;0
27.05.2026;81,060;81,060;81,060;81,060;EUR;0
28.05.2026;81,310;81,310;81,310;81,310;EUR;0
29.05.2026;81,250;81,250;81,250;81,250;EUR;0
01.06.2026;80,240;80,240;80,240;80,240;EUR;0
02.06.2026;80,640;80,640;80,640;80,640;EUR;0
03.06.2026;80,990;80,990;80,990;80,990;EUR;0
04.06.2026;79,860;79,860;79,860;79,860;EUR;0
05.06.2026;81,020;81,020;81,020;81,020;EUR;0
08.06.2026;79,680;79,680;79,680;79,680;EUR;0
09.06.2026;81,090;81,090;81,090;81,090;EUR;0
10.06.2026;81,100;81,100;81,100;81,100;EUR;0
11.06.2026;81,200;81,200;81,200;81,200;EUR;0
12.06.2026;81,620;81,620;81,620;81,620;EUR;0
15.06.2026;80,760;80,760;80,760;80,760;EUR;0
16.06.2026;80,310;80,310;80,310;80,310;EUR;0
17.06.2026;81,420;81,420;81,420;81,420;EUR;0
18.06.2026;80,940;80,940;80,940;80,940;EUR;0
19.06.2026;82,340;82,340;82,340;82,340;EUR;0
22.06.2026;81,110;81,110;81,110;81,110;EUR;0
23.06.2026;80,940;80,940;80,940;80,940;EUR;0
24.06.2026;82,680;82,680;82,680;82,680;EUR;0
25.06.2026;82,260;82,260;82,260;82,260;EUR;0
26.06.2026;82,060;82,060;82,060;82,060;EUR;0
29.06.2026;81,960;81,960;81,960;81,960;EUR;0
30.06.2026;83,460;83,460;83,460;83,460;EUR;0
01.07.2026;81,540;81,540;81,540;81,540;EUR;0
02.07.2026;82,580;82,580;82,580;82,580;EUR;0
03.07.2026;82,410;82,410;82,410;82,410;EUR;0
06.07.2026;82,430;82,430;82,430;82,430;EUR;0
07.07.2026;82,380;82,380;82,380;82,380;EUR;0
08.07.2026;82,080;82,080;82,080;82,080;EUR;0
09.07.2026;81,980;81,980;81,980;81,980;EUR;0
10.07.2026;81,930;81,930;81,930;81,930;EUR;0
13.07.2026;80,370;80,370;80,370;80,370;EUR;0
14.07.2026;81,830;81,830;81,830;81,830;EUR;0
15.07.2026;81,810;81,810;81,810;81,810;EUR;0
16.07.2026;81,880;81,880;81,880;81,880;EUR;0
17.07.2026;81,420;81,420;81,420;81,420;EUR;0
20.07.2026;81,900;81,900;81,900;81,900;EUR;0
21.07.2026;82,210;82,210;82,210;82,210;EUR;0
22.07.2026;81,750;81,750;81,750;81,750;EUR;0
23.07.2026;81,370;81,370;81,370;81,370;EUR;0
24.07.2026;81,630;81,630;81,630;81,630;EUR;0
27.07.2026;81,060;81,140;81,060;81,140;EUR;0
28.07.2026;80,990;81,000;80,950;80,950;EUR;0
29.07.2026;80,830;80,930;80,830;80,930;EUR;0
30.07.2026;79,980;79,980;79,950;79,950;EUR;0
31.07.2026;80,380;80,380;80,300;80,300;EUR;0
03.08.2026;79,870;79,870;79,860;79,860;EUR;0
04.08.2026;79,450;79,470;79,450;79,470;EUR;0
05.08.2026;80,050;80,050;80,020;80,020;EUR;0
06.08.2026;79,890;79,900;79,850;79,900;EUR;0
07.08.2026;79,410;80,060;79,410;80,060;EUR;0
10.08.2026;79,490;79,930;79,460;79,930;EUR;0
11.08.2026;79,330;79,330;79,290;79,290;EUR;0
12.08.2026;79,420;80,010;79,390;80,010;EUR;0
13.08.2026;79,570;79,600;79,570;79,600;EUR;0
14.08.2026;79,680;79,680;79,680;79,680;EUR;0
17.08.2026;79,200;79,200;79,120;79,120;EUR;0
18.08.2026;79,060;79,060;78,970;78,970;EUR;0
19.08.2026;79,080;79,610;79,080;79,610;EUR;0
20.08.2026;78,850;78,900;78,720;78,720;EUR;0
21.08.2026;78,190;78,210;78,190;78,210;EUR;0
24.08.2026;78,300;78,330;78,290;78,330;EUR;0
25.08.2026;78,740;78,850;78,740;78,850;EUR;0
26.08.2026;79,060;79,100;79,060;79,100;EUR;0
27.08.2026;79,100;79,120;79,100;79,120;EUR;0
28.08.2026;79,020;79,050;79,020;79,050;EUR;0
31.08.2026;78,860;78,930;78,860;78,910;EUR;0
01.09.2026;78,830;78,840;78,820;78,820;EUR;0
02.09.2026;78,650;78,660;78,650;78,660;EUR;0
03.09.2026;78,490;78,490;78,380;78,380;EUR;0
04.09.2026;78,260;78,270;78,250;78,250;EUR;0
07.09.2026;78,000;78,000;77,970;77,980;EUR;0
08.09.2026;77,550;77,550;77,550;77,550;EUR;0
09.09.2026;78,110;78,110;78,040;78,040;EUR;0
10.09.2026;78,170;78,170;78,160;78,160;EUR;0
11.09.2026;77,720;77,720;77,700;77,700;EUR;0
14.09.2026;77,620;77,660;77,600;77,600;EUR;0
15.09.2026;77,900;77,900;77,900;77,900;EUR;0
16.09.2026;77,720;77,720;77,700;77,700;EUR;0
17.09.2026;78,440;78,450;78,440;78,450;EUR;0
18.09.2026;78,510;78,540;78,480;78,540;EUR;0
21.09.2026;78,420;78,460;78,420;78,460;EUR;0
22.09.2026;78,470;78,470;78,430;78,430;EUR;0
23.09.2026;78,690;78,690;78,680;78,690;EUR;0
24.09.2026;77,940;77,960;77,940;77,960;EUR;0
25.09.2026;77,880;77,880;77,820;77,820;EUR;0
28.09.2026;77,790;77,790;77,710;77,710;EUR;0